species,longitude,latitude
Alopias vulpinus,2.5101,41.535
Alopias vulpinus,-1.92076,50.60932
Alopias vulpinus,-3.40779,54.34667
Alopias vulpinus,-3.6162,54.5598
Alopias vulpinus,-4.36072,54.86222
Alopias vulpinus,-4.36072,54.86222
Alopias vulpinus,-4.29692,54.83647
Alopias vulpinus,-3.8452,54.83519
Alopias vulpinus,-4.19868,54.7484
Alopias vulpinus,-4.36072,54.86222
Alopias vulpinus,-4.19868,54.7484
Alopias vulpinus,-4.30889,54.77332
Alopias vulpinus,-4.21519,54.76608
Alopias vulpinus,-3.34159,54.2036
Alopias vulpinus,-4.36615,54.42159
Alopias vulpinus,-3.27945,54.17731
Alopias vulpinus,-3.40779,54.34667
Alopias vulpinus,-4.36072,54.86222
Alopias vulpinus,-4.29132,54.73769
Alopias vulpinus,-4.3581,54.81732
Alopias vulpinus,-3.55848,54.66843
Alopias vulpinus,-3.45425,54.35511
Alopias vulpinus,-4.21962,54.8469
Alopias vulpinus,-4.20503,54.86515
Alopias vulpinus,-3.73511,54.80985
Alopias vulpinus,-4.20503,54.86515
Alopias vulpinus,3.0485,42.542
Alopias vulpinus,37.9062,-0.02356
Alopias vulpinus,72.5,11
Alopias vulpinus,55.23056,-20.61528
Alopias vulpinus,-8.04103,46.5178
Alopias vulpinus,5.31622,42.62867
Alopias vulpinus,-3.84602,43.73855
Alopias vulpinus,-4.58521,46.92354
Alopias vulpinus,-5.47456,45.20951
Alopias vulpinus,-3.93077,46.24318
Alopias vulpinus,-4.24133,46.11704
Alopias vulpinus,-4.69319,46.51683
Alopias vulpinus,-2.31964,45.50066
Alopias vulpinus,-1.7427,44.46667
Alopias vulpinus,119.71667,-17.55833
Alopias vulpinus,120.49167,-17.18333
Alopias vulpinus,147.6,-42.86817
Alopias vulpinus,149.58333,-43.08333
Alopias vulpinus,154.58333,-33.33333
Alopias vulpinus,147.53333,-42.98333
Alopias vulpinus,133.64167,-32.77667
Alopias vulpinus,121.275,-15.20903
Alopias vulpinus,-9.11735,54.21243
Alopias vulpinus,-7.93011,55.1846
Alopias vulpinus,-9.14354,54.24497
Alopias vulpinus,-5.2177,53.42287
Alopias vulpinus,-5.74847,51.90613
Alopias vulpinus,-6.67297,55.22231
Alopias vulpinus,-9.9784,52.27058
Alopias vulpinus,-6.08599,54.01954
Alopias vulpinus,-10.26202,52.08572
Alopias vulpinus,-7.51244,52.04799
Alopias vulpinus,-7.99347,51.82432
Alopias vulpinus,-5.49663,54.68267
Alopias vulpinus,-6.60669,52.11266
Alopias vulpinus,-7.92231,55.16214
Alopias vulpinus,-10.23519,51.54689
Alopias vulpinus,172.775,-33.95
Alopias vulpinus,172.88333,-34.11667
Alopias vulpinus,173.00667,-34.225
Alopias vulpinus,173.05,-34.41667
Alopias vulpinus,173.4,-34.617
Alopias vulpinus,173.483,-34.433
Alopias vulpinus,173.483,-34.433
Alopias vulpinus,173.483,-34.433
Alopias vulpinus,173.483,-34.433
Alopias vulpinus,173.633,-38.117
Alopias vulpinus,173.633,-38.117
Alopias vulpinus,173.667,-39.283
Alopias vulpinus,173.917,-38.983
Alopias vulpinus,174,-39.05
Alopias vulpinus,174.11467,-35.14583
Alopias vulpinus,174.14083,-35.22833
Alopias vulpinus,174.15433,-35.2135
Alopias vulpinus,174.345,-37.17
Alopias vulpinus,174.37833,-35.32333
Alopias vulpinus,174.38367,-35.02417
Alopias vulpinus,174.4,-35.18333
Alopias vulpinus,174.26667,-35.15333
Alopias vulpinus,174.3,-38.933
Alopias vulpinus,174.533,-35.683
Alopias vulpinus,174.533,-35.683
Alopias vulpinus,174.6,-37.337
Alopias vulpinus,174.667,-37.645
Alopias vulpinus,174.68333,-38.173
Alopias vulpinus,174.733,-37.55
Alopias vulpinus,175.233,-36.772
Alopias vulpinus,174.9175,-36.685
Alopias vulpinus,175.18933,-36.46133
Alopias vulpinus,175.333,-37
Alopias vulpinus,175.394,-36.8125
Alopias vulpinus,176.117,-36.75
Alopias vulpinus,176.117,-36.75
Alopias vulpinus,176.233,-37.233
Alopias vulpinus,176.65,-37.81583
Alopias vulpinus,176.8375,-37.81583
Alopias vulpinus,177.133,-37.517
Alopias vulpinus,176.35,-37.25
Alopias vulpinus,176.35,-37.25
Alopias vulpinus,176.35,-37.25
Alopias vulpinus,176.35,-37.25
Alopias vulpinus,176.386,-37.591
Alopias vulpinus,177.47333,-37.49833
Alopias vulpinus,178.41667,-38.41667
Alopias vulpinus,178.41667,-38.41667
Alopias vulpinus,178.45,-38.38333
Alopias vulpinus,178.46617,-38.39683
Alopias vulpinus,178.58333,-38.38333
Alopias vulpinus,-117.86667,33.58333
Alopias vulpinus,-62.85,17.8833
Alopias vulpinus,-117.86667,33.58333
Alopias vulpinus,26,-33
Alopias vulpinus,16.19,-32.06
Alopias vulpinus,16.17,-31.42
Alopias vulpinus,21.15,-34.44
Alopias vulpinus,172.4912,-43.9108
Alopias vulpinus,-73.563,39.5914
Alopias vulpinus,-73.3165,39.2126
Alopias vulpinus,-66.33967,44.28383
Alopias vulpinus,18.3,-33.933
Alopias vulpinus,-3.933,47.883
Alopias vulpinus,-10,46
Alopias vulpinus,-3.917,47.883
Alopias vulpinus,-3.917,47.883
Alopias vulpinus,-3.917,47.883
Alopias vulpinus,-10,46
Alopias vulpinus,-3.917,47.611
Alopias vulpinus,21.25,-34.7333
Alopias vulpinus,20.9667,-34.4333
Alopias vulpinus,147.533,-42.983
Alopias vulpinus,-78.69,33.8
Alopias vulpinus,-157.98334,21.46667
Alopias vulpinus,-67.88699,42.36845
Alopias vulpinus,-75.85,34.90833
Alopias vulpinus,-78.85833,31.53333
Alopias vulpinus,-84.30833,24.925
Alopias vulpinus,-74.65,36.03333
Alopias vulpinus,-74.7,36.19167
Alopias vulpinus,72.5,11
Alopias vulpinus,55.23056,-20.61528
Alopias vulpinus,147.41,-43.03
Alopias vulpinus,147.55,-43.17
Alopias vulpinus,124.146,11.2949
Alopias vulpinus,124.146,11.2949
Alopias vulpinus,124.146,11.2949
Alopias vulpinus,124.146,11.2949
Alopias vulpinus,124.146,11.2949
Alopias vulpinus,124.146,11.2949
Alopias vulpinus,35.8618,24.9284
Alopias vulpinus,34.8422,26.3152
Alopias vulpinus,124.151,11.328
Alopias vulpinus,123.401,9.95566
Alopias vulpinus,139.75,-37.17
Alopias vulpinus,173.24417,-41.18683
Alopias vulpinus,171.298,-41.97583
Alopias vulpinus,30.85,-30
Alopias vulpinus,30.85,-30
Alopias vulpinus,151.283,-33.8
Alopias vulpinus,-65.80602,44.97985
Alopias vulpinus,-75.85,34.90833
Alopias vulpinus,172.0267,-41.328
Alopias vulpinus,173.6433,-39.683
Alopias vulpinus,173.3717,-39.5827
Alopias vulpinus,173.3125,-38.9173
Alopias vulpinus,174.2588,-38.6537
Alopias vulpinus,174.683,-37.7377
Alopias vulpinus,174.432,-38.6102
Alopias vulpinus,171.8972,-41.3478
Alopias vulpinus,173.3198,-40.9315
Alopias vulpinus,173.3955,-40.9748
Alopias vulpinus,172.9672,-40.6673
Alopias vulpinus,173.746,-39.7493
Alopias vulpinus,175.3833,-36.6167
Alopias vulpinus,176.7833,-40.3333
Alopias vulpinus,176.5833,-40.65
Alopias vulpinus,174.1167,-41.4
Alopias vulpinus,171.95,-44.165
Alopias vulpinus,172.8333,-43.1833
Alopias vulpinus,173.06,-40.6183
Alopias vulpinus,172.8667,-40.7867
Alopias vulpinus,173.1017,-41.1833
Alopias vulpinus,172.7233,-40.4567
Alopias vulpinus,173.3933,-42.7933
Alopias vulpinus,173.4067,-42.7767
Alopias vulpinus,173.405,-42.795
Alopias vulpinus,173.4383,-42.76
Alopias vulpinus,172.8533,-40.6983
Alopias vulpinus,173.505,-40.9917
Alopias vulpinus,173.1767,-40.9433
Alopias vulpinus,172.7867,-40.6483
Alopias vulpinus,172.9033,-40.75
Alopias vulpinus,177.3233,-37.8517
Alopias vulpinus,172.0668,-41.1212
Alopias vulpinus,169.5512,-43.3987
Alopias vulpinus,170.085,-43.1738
Alopias vulpinus,173.3365,-40.7033
Alopias vulpinus,172.9243,-40.6822
Alopias vulpinus,173.0895,-40.852
Alopias vulpinus,173.1487,-40.9955
Alopias vulpinus,172.8695,-43.9235
Alopias vulpinus,172.8452,-40.6763
Alopias vulpinus,169.5355,-43.5572
Alopias vulpinus,170.129,-43.1483
Alopias vulpinus,172.7767,-40.612
Alopias vulpinus,169.5985,-43.4558
Alopias vulpinus,172.9573,-40.745
Alopias vulpinus,173.5187,-40.996
Alopias vulpinus,173.2142,-40.745
Alopias vulpinus,175.2717,-36.0633
Alopias vulpinus,173.1322,-41.079
Alopias vulpinus,171.3623,-41.7852
Alopias vulpinus,170.5622,-42.8058
Alopias vulpinus,173.1667,-41.09
Alopias vulpinus,173.27,-41.2217
Alopias vulpinus,173.0917,-41.0067
Alopias vulpinus,173.315,-40.9183
Alopias vulpinus,175.3717,-36.795
Alopias vulpinus,175.225,-36.82
Alopias vulpinus,175.375,-36.8617
Alopias vulpinus,175.39,-36.9867
Alopias vulpinus,175.4525,-37.0617
Alopias vulpinus,174.3133,-36.705
Alopias vulpinus,174.1283,-36.5117
Alopias vulpinus,174.0217,-36.4917
Alopias vulpinus,174.5917,-37.2367
Alopias vulpinus,174.635,-38.0833
Alopias vulpinus,174.69,-38.2467
Alopias vulpinus,176.895,-37.8643
Alopias vulpinus,171.6783,-41.5667
Alopias vulpinus,171.9417,-41.475
Alopias vulpinus,173.2783,-41.0533
Alopias vulpinus,173.095,-40.8667
Alopias vulpinus,175.39,-36.93
Alopias vulpinus,174.5918,-38.675
Alopias vulpinus,174.6793,-37.4377
Alopias vulpinus,176.1578,-37.5832
Alopias vulpinus,170.9717,-42.6258
Alopias vulpinus,173.7548,-40.9083
Alopias vulpinus,172.9183,-40.7713
Alopias vulpinus,177.6563,-39.2138
Alopias vulpinus,177.0773,-39.5558
Alopias vulpinus,175.4027,-36.6565
Alopias vulpinus,169.8218,-43.3328
Alopias vulpinus,170.4372,-42.8832
Alopias vulpinus,174.558,-38.4618
Alopias vulpinus,177.0602,-39.5035
Alopias vulpinus,178.0955,-38.7333
Alopias vulpinus,178.0308,-38.82
Alopias vulpinus,177.1583,-39.5398
Alopias vulpinus,178.5315,-37.627
Alopias vulpinus,178.0222,-37.5135
Alopias vulpinus,178.485,-37.6162
Alopias vulpinus,169.9515,-43.2885
Alopias vulpinus,173.1693,-41.0618
Alopias vulpinus,172.7848,-40.7107
Alopias vulpinus,173.389,-40.6362
Alopias vulpinus,173.2168,-41.1283
Alopias vulpinus,173.793,-36.0615
Alopias vulpinus,174.0113,-36.65
Alopias vulpinus,171.263,-45.2063
Alopias vulpinus,171.1233,-42.3677
Alopias vulpinus,173.326,-40.8797
Alopias vulpinus,172.4388,-43.9823
Alopias vulpinus,171.784,-44.1197
Alopias vulpinus,175.109,-35.9817
Alopias vulpinus,175.9693,-36.7318
Alopias vulpinus,172.2115,-44.3877
Alopias vulpinus,174.585,-34.9433
Alopias vulpinus,173,-40.2833
Alopias vulpinus,174.1833,-37.85
Alopias vulpinus,174.15,-38.5333
Alopias vulpinus,-177.6955,-43.0922
Alopias vulpinus,167.7247,-46.4583
Alopias vulpinus,174.4167,-40.6333
Alopias vulpinus,174.2167,-40.4667
Alopias vulpinus,-178.1667,-43.4833
Alopias vulpinus,172.5217,-44.3583
Alopias vulpinus,171.3667,-41.8033
Alopias vulpinus,171.65,-41.485
Alopias vulpinus,171.1117,-42.0633
Alopias vulpinus,172.1933,-40.4833
Alopias vulpinus,171,-42.27
Alopias vulpinus,-125,44.6
Alopias vulpinus,-125,44
Alopias vulpinus,-70.78,41.35
Alopias vulpinus,-139.35676,59.30466
Alopias vulpinus,175.17307,-40.76266
Alopias vulpinus,175.87332,-36.68711
Alopias vulpinus,-71.6123,40.2762
Alopias vulpinus,-72.5664,40.7615
Alopias vulpinus,-72.2087,40.5864
Alopias vulpinus,-72.6594,40.7381
Alopias vulpinus,-72.0987,40.6249
Alopias vulpinus,169.55,-43.49
Alopias vulpinus,169.61,-43.45
Alopias vulpinus,170.66,-42.75
Alopias vulpinus,173.14,-43.48
Alopias vulpinus,173.66,-40.86
Alopias vulpinus,173.07917,-43.87417
Alopias vulpinus,172.791,-40.481
Alopias vulpinus,174.65317,-37.8515
Alopias vulpinus,-74.93333,35.55
Alopias vulpinus,-74.78333,35.88333
Alopias vulpinus,-74.73333,35.48333
Alopias vulpinus,-71.00834,39.5
Alopias vulpinus,-70.78,41.35
Alopias vulpinus,-77.125,32.95833
Alopias vulpinus,-67.975,39.79167
Alopias vulpinus,-70.83,41.35
Alopias vulpinus,-70.83,41.35
Alopias vulpinus,-74.75,35.725
Alopias vulpinus,-74.775,36.01667
Alopias vulpinus,-75.70833,34.96667
Alopias vulpinus,-74.775,36.19167
Alopias vulpinus,-78.64167,31.41667
Alopias vulpinus,-72.88334,27.575
Alopias vulpinus,-74.58334,36.06667
Alopias vulpinus,-75.3701,36.3059
Alopias vulpinus,-80.4331,32.1884
Alopias vulpinus,-74.56667,35.95833
Alopias vulpinus,-67.45,40.29167
Alopias vulpinus,-74.83334,35.33333
Alopias vulpinus,-74.63333,35.74167
Alopias vulpinus,-74.70833,35.49167
Alopias vulpinus,-74.93333,35.55
Alopias vulpinus,-74.53333,37.06667
Alopias vulpinus,-74.80833,35.53333
Alopias vulpinus,-74.93333,35.55
Alopias vulpinus,151.1,-34.066
Alopias vulpinus,-118.55,33.9333
Alopias vulpinus,30.5567,-30.6133
Alopias vulpinus,30.5167,-30.6667
Alopias vulpinus,30.3717,-30.8683
Alopias vulpinus,-86.1,29.2
Alopias vulpinus,30.3883,-30.8417
Alopias vulpinus,30.7667,-30.285
Alopias vulpinus,30.7417,-30.315
Alopias vulpinus,30.3,-30.9333
Alopias vulpinus,30.4,-30.85
Alopias vulpinus,-122.567,37.8667
Alopias vulpinus,31.2417,-29.5
Alopias vulpinus,37.3,-18.6833
Alopias vulpinus,22.1667,-34.15
Alopias vulpinus,-88.4333,30.2
Alopias vulpinus,147.39999,-43.05
Alopias vulpinus,-122.433,37.8333
Alopias vulpinus,25.9167,-33.8333
Alopias vulpinus,14.5,-22.6
Alopias vulpinus,31.1717,-29.5833
Alopias vulpinus,18.4833,-34.9333
Alopias vulpinus,18.4333,-34.1833
Alopias vulpinus,18.0667,-32.4667
Alopias vulpinus,-121.9,36.95
Alopias vulpinus,26.0333,-33.7833
Alopias vulpinus,18.4333,-34.1167
Alopias vulpinus,18.0167,-33.0667
Alopias vulpinus,30.5117,-30.6783
Alopias vulpinus,18.0667,-32.6167
Alopias vulpinus,-118.417,33.8833
Alopias vulpinus,-122.417,37.3833
Alopias vulpinus,30.5767,-30.5767
Alopias vulpinus,26.9,-33.6167
Alopias vulpinus,30.345,-30.9
Alopias vulpinus,73.05,8.269
Alopias vulpinus,-89.16667,27.61667
Alopias vulpinus,-74.53333,37.06667
Alopias vulpinus,-71.45833,39.825
Alopias vulpinus,-74.95,35.64167
Alopias vulpinus,151.2,-34.05
Alopias vulpinus,151.2,-34.05
Alopias vulpinus,151.2,-34.05
Alopias vulpinus,151.2,-34.05
Alopias vulpinus,151.2,-34.05
Alopias vulpinus,-74.7,36.01667
Alopias vulpinus,-70.775,36.69167
Alopias vulpinus,-74.78333,35.88333
Alopias vulpinus,-88.38334,28.94167
Alopias vulpinus,-73.225,36.53333
Alopias vulpinus,-74.80833,35.53333
Alopias vulpinus,-77.79166,28.375
Alopias vulpinus,-74.70833,35.49167
Alopias vulpinus,-74.70833,35.49167
Alopias vulpinus,2.70446,51.46483
Alopias vulpinus,-74.53333,36.95833
Alopias vulpinus,-74.93333,35.55
Alopias vulpinus,-74.775,36.01667
Alopias vulpinus,-74.78333,35.88333
Alopias vulpinus,-74.63333,35.74167
Alopias vulpinus,-79.23333,31.08333
Alopias vulpinus,-89.20833,27.025
Alopias vulpinus,-78.03333,32.3
Alopias vulpinus,-74.73333,35.48333
Alopias vulpinus,-74.6,36
Alopias vulpinus,-74.73333,35.48333
Alopias vulpinus,-74.73333,35.48333
Alopias vulpinus,-74.70833,35.49167
Alopias vulpinus,-74.725,36.19167
Alopias vulpinus,-78.50833,32.375
Alopias vulpinus,-70.775,36.69167
Alopias vulpinus,-74.95,35.64167
Alopias vulpinus,-90.03333,27.2
Alopias vulpinus,-74.93333,35.55
Alopias vulpinus,-74.93333,35.55
Alopias vulpinus,-74.93333,35.55
Alopias vulpinus,-75.93333,34.8
Alopias vulpinus,-74.93333,35.55
Alopias vulpinus,-91.34167,25.76667
Alopias vulpinus,-74.775,36.01667
Alopias vulpinus,-78.775,31.275
Alopias vulpinus,151.2,-34.05
Alopias vulpinus,-71.25834,36.58333
Alopias vulpinus,-78.44167,28.76667
Alopias vulpinus,-74.53333,37.05
Alopias vulpinus,-78.63333,31.325
Alopias vulpinus,-75.3,34.5
Alopias vulpinus,-74.625,36.08333
Alopias vulpinus,-74.69167,35.975
Alopias vulpinus,-74.73333,36.1
Alopias vulpinus,-74.73333,35.48333
Alopias vulpinus,-74.63333,35.74167
Alopias vulpinus,-74.58334,36.06667
Alopias vulpinus,-74.725,35.95833
Alopias vulpinus,-43.33333,46.175
Alopias vulpinus,-74.63333,35.74167
Alopias vulpinus,2.70446,51.46483
Alopias vulpinus,1.61506,50.77295
Alopias vulpinus,-4.5685,46.92699
Alopias vulpinus,-5.49063,45.23225
Alopias vulpinus,5.37524,42.64826
Alopias vulpinus,-8.06498,46.55131
Alopias vulpinus,151.283,-33.883
Alopias vulpinus,-74.93333,35.55
Alopias vulpinus,-74.81667,35.9
Alopias vulpinus,-74.60833,36.00833
Alopias vulpinus,-92.525,26.66667
Alopias vulpinus,-74.8,35.5
Alopias vulpinus,-75.93333,34.74167
Alopias vulpinus,-74.73333,35.85
Alopias vulpinus,-74.70833,35.49167
Alopias vulpinus,-74.63333,35.74167
Alopias vulpinus,-73.1,27.275
Alopias vulpinus,-74.29167,36.08333
Alopias vulpinus,-74.775,36.01667
Alopias vulpinus,-74.83334,35.33333
Alopias vulpinus,-74.63333,35.74167
Alopias vulpinus,-74.93333,35.55
Alopias vulpinus,-73.49167,35.60833
Alopias vulpinus,-79.80833,24.55
Alopias vulpinus,-74.475,37.175
Alopias vulpinus,-74.80833,35.53333
Alopias vulpinus,-74.63333,35.74167
Alopias vulpinus,-84.06667,24.68333
Alopias vulpinus,-78.66667,31.31667
Alopias vulpinus,-74.70833,35.49167
Alopias vulpinus,-74.725,35.96667
Alopias vulpinus,-74.74166,35.88333
Alopias vulpinus,-74.79167,35.78333
Alopias vulpinus,-74.93333,35.55
Alopias vulpinus,-74.725,35.96667
Alopias vulpinus,-74.83334,35.33333
Alopias vulpinus,-74.73333,35.86667
Alopias vulpinus,-74.63333,35.74167
Alopias vulpinus,-74.83334,35.33333
Alopias vulpinus,-74.73333,35.48333
Alopias vulpinus,-71.01667,37.25
Alopias vulpinus,-74.71667,35.90833
Alopias vulpinus,-74.73333,35.86667
Alopias vulpinus,-74.725,35.96667
Alopias vulpinus,-75.93333,34.74167
Alopias vulpinus,-47.16667,45.44167
Alopias vulpinus,-74.66666,36.175
Alopias vulpinus,130.16806,31.43333
Alopias vulpinus,154.583,-33.333
Alopias vulpinus,147.6,-42.8681
Alopias vulpinus,147.533,-42.983
Alopias vulpinus,149.583,-43.083
Alopias vulpinus,-74.70833,35.49167
Alopias vulpinus,-74.58334,36.06667
Alopias vulpinus,-74.81667,35.9
Alopias vulpinus,-67.83334,40.18333
Alopias vulpinus,-79.86666,28.80833
Alopias vulpinus,-74.80833,35.53333
Alopias vulpinus,-74.83334,35.33333
Alopias vulpinus,-78.58334,31.34167
Alopias vulpinus,-74.58334,36.06667
Alopias vulpinus,-74.8,35.825
Alopias vulpinus,-74.76667,35.95
Alopias vulpinus,-69.25,39.875
Alopias vulpinus,-74.78333,35.88333
Alopias vulpinus,-74.95,35.55
Alopias vulpinus,-74.93333,35.55
Alopias vulpinus,-74.70833,35.49167
Alopias vulpinus,-75.70833,34.96667
Alopias vulpinus,-71.01667,37.25
Alopias vulpinus,-74.70833,35.49167
Alopias vulpinus,-74.6,36
Alopias vulpinus,-74.76667,35.95
Alopias vulpinus,-74.625,36.08333
Alopias vulpinus,-74.65,36.03333
Alopias vulpinus,-75.79167,34.75
Alopias vulpinus,-48.85,43.28333
Alopias vulpinus,-74.81667,35.88333
Alopias vulpinus,-74.53333,36.95833
Alopias vulpinus,-77.898,33.718
Alopias vulpinus,-76.508,34.51
Alopias vulpinus,-77.923,33.911
Alopias vulpinus,-77.929,33.799
Alopias vulpinus,-77.003,34.663
Alopias vulpinus,-78.201,33.9
Alopias vulpinus,-79.129,33.375
Alopias vulpinus,-78.337,33.893
Alopias vulpinus,-77.133,34.622
Alopias vulpinus,-78.685,33.793
Alopias vulpinus,-75.592,35.229
Alopias vulpinus,-76.616,34.666
Alopias vulpinus,-75.594,35.228
Alopias vulpinus,-75.67,35.207
Alopias vulpinus,-76.283,34.866
Alopias vulpinus,-77.002,34.663
Alopias vulpinus,-76.788,34.69
Alopias vulpinus,-79.889,32.63
Alopias vulpinus,-75.671,35.207
Alopias vulpinus,-81.339,30.786
Alopias vulpinus,-76.119,34.995
Alopias vulpinus,-80.512,32.241
Alopias vulpinus,-75.79,35.168
Alopias vulpinus,-77.133,34.623
Alopias vulpinus,-77.005,34.661
Alopias vulpinus,-76.346,34.813
Alopias vulpinus,-77.885,33.712
Alopias vulpinus,-77.746,34.253
Alopias vulpinus,-79.127,33.349
Alopias vulpinus,-82.89231,23.02655
Alopias vulpinus,-88.93847,23.25479
Alopias vulpinus,-86.55964,30.41911
Alopias vulpinus,-82.92882,23.03692
Alopias vulpinus,-92.04501,28.1369
Alopias vulpinus,-82.88726,23.02515
Alopias vulpinus,-92.61405,29.01935
Alopias vulpinus,-83.20792,27.30174
Alopias vulpinus,-93.84389,18.68867
Alopias vulpinus,-96.60043,27.12929
Alopias vulpinus,-84.71572,26.79914
Alopias vulpinus,-97.36913,27.37339
Alopias vulpinus,-88.34421,22.30227
Alopias vulpinus,-94.1318,18.21106
Alopias vulpinus,-82.69073,27.47028
Alopias vulpinus,-96.08229,26.96417
Alopias vulpinus,-82.34069,24.78057
Alopias vulpinus,-89.18031,23.6421
Alopias vulpinus,-86.87681,29.92893
Alopias vulpinus,-97.79373,22.27996
Alopias vulpinus,-84.19127,26.96667
Alopias vulpinus,-93.0899,29.74851
Alopias vulpinus,-86.66939,30.25043
Alopias vulpinus,-97.44389,22.40378
Alopias vulpinus,-93.51048,19.24205
Alopias vulpinus,-87.16893,29.47259
Alopias vulpinus,-91.75595,27.6921
Alopias vulpinus,-94.02116,18.39526
Alopias vulpinus,-97.63271,22.33607
Alopias vulpinus,-97.31251,22.45036
Alopias vulpinus,-87.88371,21.57045
Alopias vulpinus,-97.07774,27.2808
Alopias vulpinus,-73.95283,40.22467
Alopias vulpinus,-73.96533,40.14567
Alopias vulpinus,-75.36267,37.73733
Alopias vulpinus,-75.6385,37.37333
Alopias vulpinus,-74.9825,38.53017
Alopias vulpinus,-75.85183,36.9255
Alopias vulpinus,-75.79217,36.8955
Alopias vulpinus,-75.88917,36.83567
Alopias vulpinus,-75.81233,36.544
Alopias vulpinus,-75.82743,36.9986
Alopias vulpinus,-75.74628,36.91083
Alopias vulpinus,-74.64867,39.024
Alopias vulpinus,-75.89133,36.73067
Alopias vulpinus,-75.79283,36.9775
Alopias vulpinus,-75.85033,36.6995
Alopias vulpinus,-75.83267,36.4805
Alopias vulpinus,-75.80167,36.40233
Alopias vulpinus,-73.0535,40.6585
Alopias vulpinus,-73.6835,40.56917
Alopias vulpinus,-74.803,38.96533
Alopias vulpinus,-73.37283,40.602
Alopias vulpinus,-73.57683,40.55267
Alopias vulpinus,-73.84717,40.55383
Alopias vulpinus,-74.31467,39.38583
Alopias vulpinus,-74.96383,38.6945
Alopias vulpinus,-75.86167,36.6025
Alopias vulpinus,-75.47423,35.22667
Alopias vulpinus,-75.41962,35.19905
Alopias vulpinus,-74.14573,39.59553
Alopias vulpinus,-74.41878,39.27038
Alopias vulpinus,-75.65803,37.3253
Alopias vulpinus,-74.58469,39.23685
Alopias vulpinus,-74.97243,38.2401
Alopias vulpinus,-75.20603,37.99567
Alopias vulpinus,-75.48065,37.69383
Alopias vulpinus,-75.76982,37.10538
Alopias vulpinus,-75.79585,36.90778
Alopias vulpinus,-74.42967,39.33273
Alopias vulpinus,-74.16375,39.58228
Alopias vulpinus,-74.48247,39.22018
Alopias vulpinus,-74.745,38.9684
Alopias vulpinus,-75.757,36.231
Alopias vulpinus,-75.783,36.32
Alopias vulpinus,-74.94227,38.47107
Alopias vulpinus,-73.64865,40.54805
Alopias vulpinus,-74.03418,39.99693
Alopias vulpinus,-74.282,39.42885
Alopias vulpinus,-74.24182,39.39653
Alopias vulpinus,-75.05162,38.2036
Alopias vulpinus,-75.80803,36.6041
Alopias vulpinus,-75.4909,37.49472
Alopias vulpinus,-75.79988,36.33587
Alopias vulpinus,-71.73392,41.15112
Alopias vulpinus,-72.03442,41.12623
Alopias vulpinus,-75.448,35.331
Alopias vulpinus,-74.594,38.987
Alopias vulpinus,-74.593,39.157
Alopias vulpinus,-75.496,37.757
Alopias vulpinus,-75.721,37.245
Alopias vulpinus,-75.907,36.82
Alopias vulpinus,-75.981,37.002
Alopias vulpinus,148.4,-42.68334
Alopias vulpinus,-64.77,45.3
Alopias vulpinus,55.53,-21.26
Alopias vulpinus,26.9,-33.6
Alopias vulpinus,26.8833,-33.6
Alopias vulpinus,26.8833,-33.6
Alopias vulpinus,18.0333,-33.1333
Alopias vulpinus,171.5167,-44.4333
Alopias vulpinus,-66.7667,45.05
Alopias vulpinus,-52.68333,-35.68333
Alopias vulpinus,150.15333,-37.4115
Alopias vulpinus,145.53,-38.37
Alopias vulpinus,145.28,-38.42
Alopias vulpinus,144.93,-37.87
Alopias vulpinus,144.93,-37.87
Alopias vulpinus,144.93,-37.87
Alopias vulpinus,144.93,-37.87
Alopias vulpinus,173.5167,-40.51
Alopias vulpinus,173.3017,-40.5817
Alopias vulpinus,172.3517,-44.5275
Alopias vulpinus,173.5625,-40.5133
Alopias vulpinus,173.3742,-40.5108
Alopias vulpinus,173.3758,-44.1375
Alopias vulpinus,173.77,-40.2658
Alopias vulpinus,173.7158,-40.2775
Alopias vulpinus,173.73,-40.4183
Alopias vulpinus,174.2492,-40.5383
Alopias vulpinus,173.575,-40.6292
Alopias vulpinus,174.5625,-37.4942
Alopias vulpinus,174.1667,-40.4442
Alopias vulpinus,17.765,-31.4867
Alopias vulpinus,-125.12167,45.955
Alopias vulpinus,18.6167,-34.1833
Alopias vulpinus,20,-34.8333
Alopias vulpinus,18.6167,-34.1833
Alopias vulpinus,18.4167,-33.8333
Alopias vulpinus,18.6167,-34.1833
Alopias vulpinus,177.4517,-37.8125
Alopias vulpinus,177.4942,-37.7817
Alopias vulpinus,177.505,-37.7975
Alopias vulpinus,177.1358,-37.8733
Alopias vulpinus,177.1458,-39.495
Alopias vulpinus,177.1733,-37.8167
Alopias vulpinus,177.2692,-37.8558
Alopias vulpinus,177.285,-37.8758
Alopias vulpinus,177.4167,-37.8433
Alopias vulpinus,151.25,-34.75
Alopias vulpinus,157.25,-30.75
Alopias vulpinus,155.75,-32.75
Alopias vulpinus,150.75,-35.25
Alopias vulpinus,150.75,-35.75
Alopias vulpinus,151.25,-35.25
Alopias vulpinus,150.25,-36.25
Alopias vulpinus,150.25,-36.75
Alopias vulpinus,150.25,-36.75
Alopias vulpinus,150.25,-37.25
Alopias vulpinus,150.25,-37.75
Alopias vulpinus,144.75,-40.75
Alopias vulpinus,145.75,-40.75
Alopias vulpinus,145.75,-40.75
Alopias vulpinus,147.75,-40.75
Alopias vulpinus,148.25,-40.25
Alopias vulpinus,148.75,-40.25
Alopias vulpinus,148.25,-40.75
Alopias vulpinus,148.75,-40.75
Alopias vulpinus,148.75,-40.75
Alopias vulpinus,148.25,-41.25
Alopias vulpinus,148.75,-42.25
Alopias vulpinus,147.75,-43.25
Alopias vulpinus,138.75,-36.75
Alopias vulpinus,144.75,-38.75
Alopias vulpinus,139.25,-36.25
Alopias vulpinus,139.75,-36.75
Alopias vulpinus,141.75,-38.25
Alopias vulpinus,142.75,-38.75
Alopias vulpinus,144.25,-38.25
Alopias vulpinus,147.75,-38.25
Alopias vulpinus,144.25,-38.25
Alopias vulpinus,146.75,-38.75
Alopias vulpinus,145.75,-38.75
Alopias vulpinus,147.75,-38.25
Alopias vulpinus,147.75,-38.75
Alopias vulpinus,149.25,-38.25
Alopias vulpinus,145.25,-39.25
Alopias vulpinus,147.75,-39.75
Alopias vulpinus,153.75,-30.75
Alopias vulpinus,148.25,-39.75
Alopias vulpinus,151.25,-34.25
Alopias vulpinus,150.75,-35.75
Alopias vulpinus,158.25,-31.25
Alopias vulpinus,156.75,-32.25
Alopias vulpinus,151.25,-35.25
Alopias vulpinus,150.75,-36.25
Alopias vulpinus,150.25,-37.25
Alopias vulpinus,150.75,-36.75
Alopias vulpinus,161.25,-30.25
Alopias vulpinus,145.25,-40.75
Alopias vulpinus,150.75,-36.25
Alopias vulpinus,150.25,-37.25
Alopias vulpinus,160.75,-30.75
Alopias vulpinus,145.25,-40.75
Alopias vulpinus,145.25,-40.75
Alopias vulpinus,146.75,-40.75
Alopias vulpinus,147.75,-40.75
Alopias vulpinus,147.75,-40.75
Alopias vulpinus,148.25,-40.75
Alopias vulpinus,147.25,-43.25
Alopias vulpinus,146.75,-15.75
Alopias vulpinus,147.25,-17.25
Alopias vulpinus,153.25,-19.75
Alopias vulpinus,157.25,-28.75
Alopias vulpinus,147.25,-15.75
Alopias vulpinus,109.25,-25.75
Alopias vulpinus,146.75,-16.25
Alopias vulpinus,111.25,-29.25
Alopias vulpinus,113.25,-29.75
Alopias vulpinus,158.25,-29.25
Alopias vulpinus,155.25,-27.75
Alopias vulpinus,156.25,-28.25
Alopias vulpinus,155.75,-28.25
Alopias vulpinus,113.25,-31.25
Alopias vulpinus,111.75,-32.25
Alopias vulpinus,112.25,-32.25
Alopias vulpinus,112.75,-32.75
Alopias vulpinus,113.75,-32.75
Alopias vulpinus,114.25,-32.25
Alopias vulpinus,112.25,-33.25
Alopias vulpinus,112.25,-33.75
Alopias vulpinus,112.25,-34.75
Alopias vulpinus,113.75,-34.25
Alopias vulpinus,114.25,-34.25
Alopias vulpinus,114.75,-35.25
Alopias vulpinus,117.75,-35.75
Alopias vulpinus,127.25,-33.25
Alopias vulpinus,138.75,-35.75
Alopias vulpinus,136.75,-36.75
Alopias vulpinus,138.75,-36.25
Alopias vulpinus,114.25,-30.25
Alopias vulpinus,119.75,-34.75
Alopias vulpinus,118.25,-35.75
Alopias vulpinus,148.25,-37.75
Alopias vulpinus,145.28,-38.28
Alopias vulpinus,147.41,-43.03
Alopias vulpinus,147.55,-43.17
Alopias vulpinus,52.41922,11.7043
Alopias vulpinus,52.78813,11.53661
Alopias vulpinus,52.78813,11.53661
Alopias vulpinus,61.93893,-11.87197
Alopias vulpinus,94.11747,5.36891
Alopias vulpinus,53.05032,11.57017
Alopias vulpinus,53.05032,11.57017
Alopias vulpinus,-80.54722,29.25083
Alopias vulpinus,-80.7025,29.35178
Alopias vulpinus,94.11747,5.63723
Alopias vulpinus,94.01683,5.40246
Alopias vulpinus,53.3354,11.73783
Alopias vulpinus,53.33533,11.80485
Alopias vulpinus,61.93898,-11.85513
Alopias vulpinus,59.9558,-9.08383
Alopias vulpinus,94.11747,5.3689
Alopias vulpinus,60.0503,-10.67067
Alopias vulpinus,60.0503,-10.67067
Alopias vulpinus,94.25153,5.41925
Alopias vulpinus,60.23483,-10.9557
Alopias vulpinus,94.06717,5.41923
Alopias vulpinus,94.01683,5.40246
Alopias vulpinus,60.7042,-11.67067
Alopias vulpinus,93.97256,5.62039
Alopias vulpinus,93.97256,5.62039
Alopias vulpinus,93.97256,5.62039
Alopias vulpinus,53.2516,7.06707
Alopias vulpinus,37.1006,-19.88873
Alopias vulpinus,60,-8.6037
Alopias vulpinus,53.3354,11.73783
Alopias vulpinus,-5.21,3.52
Alopias vulpinus,-5.21,3.52
Alopias vulpinus,-5.21,3.52
Alopias vulpinus,-5.21,3.52
Alopias vulpinus,-5.21,3.52
Alopias vulpinus,60.38568,-11.28508
Alopias vulpinus,75.1509,4.08393
Alopias vulpinus,-5.21,3.52
Alopias vulpinus,-5.21,3.52
Alopias vulpinus,-5.21,3.52
Alopias vulpinus,53.2516,7.06707
Alopias vulpinus,53.2516,7.06707
Alopias vulpinus,50.72107,14.5534
Alopias vulpinus,98.1007,-6.83833
Alopias vulpinus,53.93893,7.2012
Alopias vulpinus,53.46949,11.88865
Alopias vulpinus,53.46949,11.88865
Alopias vulpinus,53.2516,7.06707
Alopias vulpinus,60.38568,-11.28508
Alopias vulpinus,60.38568,-11.28508
Alopias vulpinus,107.43593,-13.82157
Alopias vulpinus,20.5167,-34.65
Alopias vulpinus,21.1,-34.28
Alopias vulpinus,64.9054,-4.83843
Alopias vulpinus,56.0503,0.43593
Alopias vulpinus,62,-11.85517
Alopias vulpinus,20.31,-34.39
Alopias vulpinus,22.12,-34.09
Alopias vulpinus,64.9054,-4.83843
Alopias vulpinus,21.1667,-34.4667
Alopias vulpinus,69.7545,-4.41917
Alopias vulpinus,21.51,-34.27
Alopias vulpinus,26.1167,-33.7833
Alopias vulpinus,94.10068,5.35213
Alopias vulpinus,94.10068,5.35213
Alopias vulpinus,94.10068,5.35213
Alopias vulpinus,94.10068,5.35213
Alopias vulpinus,62.16767,-11.23473
Alopias vulpinus,60.80488,-12
Alopias vulpinus,60.80488,-12
Alopias vulpinus,94.10068,5.35213
Alopias vulpinus,94.10068,5.35213
Alopias vulpinus,94.10068,5.35213
Alopias vulpinus,94.10068,5.35213
Alopias vulpinus,94.10068,5.35213
Alopias vulpinus,94.10068,5.35213
Alopias vulpinus,60.3019,-4.48633
Alopias vulpinus,55.9558,0.38563
Alopias vulpinus,68.20121,1.40241
Alopias vulpinus,93.63718,4.93902
Alopias vulpinus,93.63718,4.93902
Alopias vulpinus,73.83833,4.06713
Alopias vulpinus,94.10068,5.35213
Alopias vulpinus,94.10068,5.35213
Alopias vulpinus,64.8551,24.72102
Alopias vulpinus,63.88868,23.92227
Alopias vulpinus,93.63718,4.93902
Alopias vulpinus,93.63718,4.93902
Alopias vulpinus,93.63718,4.93902
Alopias vulpinus,56.01682,0.57012
Alopias vulpinus,93.63718,4.93902
Alopias vulpinus,53.03353,7.97257
Alopias vulpinus,93.63718,4.93902
Alopias vulpinus,60.51977,-11.26827
Alopias vulpinus,60.51977,-11.26827
Alopias vulpinus,-5.13,3.44
Alopias vulpinus,62.06717,-11.87197
Alopias vulpinus,53.4024,11.73783
Alopias vulpinus,53.4024,11.73783
Alopias vulpinus,-5.21,3.52
Alopias vulpinus,60.48633,-11.4528
Alopias vulpinus,60.48633,-11.4528
Alopias vulpinus,53.3354,11.73783
Alopias vulpinus,73.72097,6.57012
Alopias vulpinus,60.41917,-11.18453
Alopias vulpinus,60.41917,-11.18453
Alopias vulpinus,60.41917,-11.18453
Alopias vulpinus,60.41917,-11.18453
Alopias vulpinus,53.72107,7.9557
Alopias vulpinus,61.70429,24.53663
Alopias vulpinus,64.23473,-9.41927
Alopias vulpinus,37.4527,-19.16777
Alopias vulpinus,55.03354,7.25158
Alopias vulpinus,60.4024,-11.26827
Alopias vulpinus,60.4024,-11.26827
Alopias vulpinus,60.4024,-11.26827
Alopias vulpinus,52.3019,8.92217
Alopias vulpinus,61.62038,-12.08383
Alopias vulpinus,61.62038,-12.08383
Alopias vulpinus,61.62038,-12.08383
Alopias vulpinus,66.8048,-7.68743
Alopias vulpinus,60.654,10.82157
Alopias vulpinus,61.7042,9.6539
Alopias vulpinus,53.4024,5.63723
Alopias vulpinus,53.11737,5.4024
Alopias vulpinus,59.7042,9.83833
Alopias vulpinus,53.03353,5.33543
Alopias vulpinus,61.7042,9.6539
Alopias vulpinus,66.8048,-7.68743
Alopias vulpinus,59.9558,-8.9557
Alopias vulpinus,59.7042,9.83833
Alopias vulpinus,60.53658,11.31867
Alopias vulpinus,60.53658,11.31867
Alopias vulpinus,60.53658,11.31867
Alopias vulpinus,64.93901,24.7881
Alopias vulpinus,56.11737,0.503
Alopias vulpinus,60.41924,-11.06715
Alopias vulpinus,60.53658,11.31867
Alopias vulpinus,60.53658,11.31867
Alopias vulpinus,60.53658,11.31867
Alopias vulpinus,53.1006,5.4024
Alopias vulpinus,62.67073,24.50309
Alopias vulpinus,53.1006,5.4024
Alopias vulpinus,53.1006,5.4024
Alopias vulpinus,53.23473,11.68746
Alopias vulpinus,62.67073,24.50309
Alopias vulpinus,46.20121,13.15093
Alopias vulpinus,53.1006,5.4024
Alopias vulpinus,53.1006,5.4024
Alopias vulpinus,-3.91667,47.88334
Alopias vulpinus,-3.91667,47.88334
Alopias vulpinus,-3.93333,47.88334
Alopias vulpinus,53.1006,5.4024
Alopias vulpinus,53.1006,5.4024
Alopias vulpinus,59.7043,-10
Alopias vulpinus,61.1006,-12.58693
Alopias vulpinus,60.38568,-11.2515
Alopias vulpinus,54.28503,3.51977
Alopias vulpinus,56.0503,0.51981
Alopias vulpinus,61.939,-11.88868
Alopias vulpinus,0.53,2.04
Alopias vulpinus,56,0.41917
Alopias vulpinus,93.93901,5.46953
Alopias vulpinus,93.93901,5.46953
Alopias vulpinus,93.93901,5.46953
Alopias vulpinus,93.93901,5.46953
Alopias vulpinus,93.93901,5.46953
Alopias vulpinus,59.98923,-9.11737
Alopias vulpinus,53.33533,11.80485
Alopias vulpinus,45.72098,12.93893
Alopias vulpinus,53.72107,7.9557
Alopias vulpinus,53.72107,7.9557
Alopias vulpinus,53.72107,7.9557
Alopias vulpinus,152.75,-33.25
Alopias vulpinus,151.25,-34.75
Alopias vulpinus,156.25,-30.25
Alopias vulpinus,159.25,-30.75
Alopias vulpinus,151.75,-35.75
Alopias vulpinus,150.75,-36.25
Alopias vulpinus,150.25,-37.75
Alopias vulpinus,150.25,-38.25
Alopias vulpinus,144.75,-41.25
Alopias vulpinus,146.25,-40.75
Alopias vulpinus,147.25,-40.75
Alopias vulpinus,148.25,-40.25
Alopias vulpinus,148.75,-40.25
Alopias vulpinus,146.25,-41.25
Alopias vulpinus,148.25,-41.25
Alopias vulpinus,148.25,-42.75
Alopias vulpinus,146.75,-43.75
Alopias vulpinus,146.75,-39.25
Alopias vulpinus,142.25,-38.25
Alopias vulpinus,147.75,-37.75
Alopias vulpinus,147.75,-37.75
Alopias vulpinus,148.75,-38.25
Alopias vulpinus,148.25,-38.75
Alopias vulpinus,148.75,-38.75
Alopias vulpinus,153.25,-32.25
Alopias vulpinus,150.75,-36.75
Alopias vulpinus,150.25,-36.25
Alopias vulpinus,143.75,-40.75
Alopias vulpinus,148.25,-40.75
Alopias vulpinus,146.25,-15.25
Alopias vulpinus,146.25,-15.25
Alopias vulpinus,147.25,-15.75
Alopias vulpinus,146.25,-16.25
Alopias vulpinus,146.75,-16.25
Alopias vulpinus,146.75,-16.75
Alopias vulpinus,146.75,-17.25
Alopias vulpinus,147.75,-17.75
Alopias vulpinus,148.25,-17.75
Alopias vulpinus,151.25,-18.75
Alopias vulpinus,113.75,-20.75
Alopias vulpinus,114.25,-20.75
Alopias vulpinus,113.25,-21.25
Alopias vulpinus,113.75,-21.25
Alopias vulpinus,113.25,-21.75
Alopias vulpinus,112.75,-22.25
Alopias vulpinus,111.75,-25.75
Alopias vulpinus,111.75,-27.25
Alopias vulpinus,112.25,-27.25
Alopias vulpinus,112.25,-27.75
Alopias vulpinus,112.75,-27.75
Alopias vulpinus,112.75,-27.75
Alopias vulpinus,112.75,-28.25
Alopias vulpinus,112.25,-28.75
Alopias vulpinus,113.25,-28.25
Alopias vulpinus,113.25,-28.75
Alopias vulpinus,114.25,-29.75
Alopias vulpinus,154.75,-20.25
Alopias vulpinus,153.75,-23.75
Alopias vulpinus,154.25,-23.75
Alopias vulpinus,154.25,-23.75
Alopias vulpinus,153.75,-24.25
Alopias vulpinus,153.75,-24.25
Alopias vulpinus,154.25,-24.75
Alopias vulpinus,155.75,-23.25
Alopias vulpinus,155.75,-24.75
Alopias vulpinus,156.75,-24.75
Alopias vulpinus,156.75,-24.75
Alopias vulpinus,157.75,-24.75
Alopias vulpinus,153.75,-25.75
Alopias vulpinus,154.75,-25.25
Alopias vulpinus,154.75,-25.25
Alopias vulpinus,154.25,-25.75
Alopias vulpinus,153.75,-26.25
Alopias vulpinus,153.75,-26.25
Alopias vulpinus,153.75,-26.25
Alopias vulpinus,154.25,-26.25
Alopias vulpinus,154.25,-26.75
Alopias vulpinus,153.75,-28.75
Alopias vulpinus,154.75,-28.25
Alopias vulpinus,154.25,-28.75
Alopias vulpinus,154.25,-28.75
Alopias vulpinus,154.75,-28.75
Alopias vulpinus,153.75,-29.25
Alopias vulpinus,154.25,-29.25
Alopias vulpinus,155.25,-25.25
Alopias vulpinus,155.25,-25.25
Alopias vulpinus,156.75,-25.25
Alopias vulpinus,157.25,-26.25
Alopias vulpinus,157.25,-26.25
Alopias vulpinus,157.75,-26.25
Alopias vulpinus,157.25,-26.75
Alopias vulpinus,157.25,-26.75
Alopias vulpinus,157.75,-26.75
Alopias vulpinus,155.25,-27.25
Alopias vulpinus,155.25,-27.25
Alopias vulpinus,155.75,-27.75
Alopias vulpinus,156.25,-27.25
Alopias vulpinus,156.75,-27.75
Alopias vulpinus,157.25,-27.25
Alopias vulpinus,157.25,-27.75
Alopias vulpinus,158.25,-27.75
Alopias vulpinus,159.25,-27.25
Alopias vulpinus,159.75,-27.25
Alopias vulpinus,155.25,-28.25
Alopias vulpinus,156.25,-28.25
Alopias vulpinus,157.75,-28.75
Alopias vulpinus,157.75,-28.75
Alopias vulpinus,158.75,-28.75
Alopias vulpinus,158.75,-29.25
Alopias vulpinus,160.25,-27.75
Alopias vulpinus,160.75,-28.75
Alopias vulpinus,147.25,-16.75
Alopias vulpinus,152.25,-18.25
Alopias vulpinus,112.25,-27.75
Alopias vulpinus,113.25,-28.25
Alopias vulpinus,154.25,-20.25
Alopias vulpinus,144.25,-13.25
Alopias vulpinus,144.75,-13.75
Alopias vulpinus,148.25,-14.25
Alopias vulpinus,146.75,-15.75
Alopias vulpinus,147.25,-15.25
Alopias vulpinus,146.25,-16.25
Alopias vulpinus,114.25,-20.25
Alopias vulpinus,113.25,-28.25
Alopias vulpinus,113.25,-22.25
Alopias vulpinus,112.75,-27.25
Alopias vulpinus,113.75,-28.75
Alopias vulpinus,153.75,-23.75
Alopias vulpinus,153.25,-24.25
Alopias vulpinus,154.25,-24.25
Alopias vulpinus,154.75,-23.25
Alopias vulpinus,153.75,-24.25
Alopias vulpinus,154.25,-24.75
Alopias vulpinus,159.75,-29.25
Alopias vulpinus,156.25,-24.75
Alopias vulpinus,153.75,-25.25
Alopias vulpinus,154.25,-25.25
Alopias vulpinus,154.25,-26.25
Alopias vulpinus,154.75,-27.25
Alopias vulpinus,156.25,-24.75
Alopias vulpinus,154.75,-25.75
Alopias vulpinus,154.25,-26.75
Alopias vulpinus,154.75,-27.75
Alopias vulpinus,154.25,-27.25
Alopias vulpinus,154.25,-27.75
Alopias vulpinus,158.25,-29.75
Alopias vulpinus,156.75,-25.25
Alopias vulpinus,157.75,-25.75
Alopias vulpinus,159.25,-27.25
Alopias vulpinus,155.75,-28.25
Alopias vulpinus,157.25,-25.25
Alopias vulpinus,158.25,-26.75
Alopias vulpinus,156.25,-27.75
Alopias vulpinus,161.25,-27.25
Alopias vulpinus,157.25,-27.25
Alopias vulpinus,157.75,-27.75
Alopias vulpinus,158.25,-29.75
Alopias vulpinus,157.25,-29.25
Alopias vulpinus,161.75,-28.25
Alopias vulpinus,111.75,-30.75
Alopias vulpinus,112.75,-30.25
Alopias vulpinus,112.75,-30.75
Alopias vulpinus,114.25,-30.75
Alopias vulpinus,114.75,-30.75
Alopias vulpinus,114.75,-30.75
Alopias vulpinus,112.75,-31.75
Alopias vulpinus,114.75,-31.25
Alopias vulpinus,114.75,-31.75
Alopias vulpinus,112.75,-32.25
Alopias vulpinus,112.75,-32.25
Alopias vulpinus,112.25,-32.75
Alopias vulpinus,114.75,-32.25
Alopias vulpinus,111.75,-33.75
Alopias vulpinus,112.75,-33.25
Alopias vulpinus,112.75,-33.25
Alopias vulpinus,112.75,-33.75
Alopias vulpinus,111.75,-34.25
Alopias vulpinus,112.75,-34.75
Alopias vulpinus,113.25,-34.25
Alopias vulpinus,113.25,-34.75
Alopias vulpinus,113.75,-34.75
Alopias vulpinus,114.25,-34.25
Alopias vulpinus,114.25,-34.75
Alopias vulpinus,113.75,-35.25
Alopias vulpinus,114.25,-35.25
Alopias vulpinus,117.75,-35.25
Alopias vulpinus,118.75,-35.25
Alopias vulpinus,119.25,-35.25
Alopias vulpinus,135.25,-35.75
Alopias vulpinus,138.25,-35.75
Alopias vulpinus,136.25,-36.75
Alopias vulpinus,136.75,-36.75
Alopias vulpinus,137.75,-36.25
Alopias vulpinus,138.25,-36.25
Alopias vulpinus,138.25,-36.75
Alopias vulpinus,162.75,-28.25
Alopias vulpinus,114.25,-31.75
Alopias vulpinus,114.25,-34.25
Alopias vulpinus,115.75,-35.25
Alopias vulpinus,118.25,-35.25
Alopias vulpinus,138.25,-36.25
Alopias vulpinus,117.25,-35.75
Alopias vulpinus,135.75,-36.25
Alopias vulpinus,138.25,-36.75
Alopias vulpinus,139.25,-36.25
Alopias vulpinus,139.25,-36.25
Alopias vulpinus,139.75,-36.25
Alopias vulpinus,139.25,-36.75
Alopias vulpinus,139.25,-36.75
Alopias vulpinus,139.25,-36.75
Alopias vulpinus,138.75,-37.25
Alopias vulpinus,139.25,-37.25
Alopias vulpinus,139.25,-37.25
Alopias vulpinus,139.25,-37.25
Alopias vulpinus,139.75,-37.25
Alopias vulpinus,139.25,-37.75
Alopias vulpinus,139.75,-37.75
Alopias vulpinus,139.75,-37.75
Alopias vulpinus,139.75,-37.75
Alopias vulpinus,140.25,-38.25
Alopias vulpinus,140.75,-38.25
Alopias vulpinus,140.75,-38.25
Alopias vulpinus,141.75,-38.25
Alopias vulpinus,141.75,-38.75
Alopias vulpinus,141.75,-38.75
Alopias vulpinus,142.25,-38.25
Alopias vulpinus,142.25,-38.75
Alopias vulpinus,142.25,-38.75
Alopias vulpinus,142.25,-38.75
Alopias vulpinus,142.75,-38.75
Alopias vulpinus,142.75,-38.75
Alopias vulpinus,143.25,-38.75
Alopias vulpinus,143.75,-38.75
Alopias vulpinus,144.75,-38.25
Alopias vulpinus,144.25,-38.75
Alopias vulpinus,144.25,-38.75
Alopias vulpinus,148.25,-37.75
Alopias vulpinus,149.25,-37.75
Alopias vulpinus,147.25,-38.25
Alopias vulpinus,147.25,-38.25
Alopias vulpinus,147.75,-38.25
Alopias vulpinus,147.25,-38.75
Alopias vulpinus,147.25,-38.75
Alopias vulpinus,148.25,-38.25
Alopias vulpinus,148.75,-38.25
Alopias vulpinus,149.25,-38.25
Alopias vulpinus,149.75,-38.25
Alopias vulpinus,146.25,-39.25
Alopias vulpinus,146.25,-39.25
Alopias vulpinus,146.75,-39.25
Alopias vulpinus,148.25,-39.25
Alopias vulpinus,148.75,-39.25
Alopias vulpinus,148.25,-39.75
Alopias vulpinus,148.25,-39.75
Alopias vulpinus,148.75,-39.75
Alopias vulpinus,153.75,-30.25
Alopias vulpinus,153.25,-31.25
Alopias vulpinus,153.25,-31.25
Alopias vulpinus,153.75,-31.25
Alopias vulpinus,153.25,-31.75
Alopias vulpinus,153.25,-31.75
Alopias vulpinus,153.75,-31.75
Alopias vulpinus,153.25,-32.25
Alopias vulpinus,153.75,-32.25
Alopias vulpinus,153.75,-32.25
Alopias vulpinus,153.25,-32.75
Alopias vulpinus,151.75,-33.75
Alopias vulpinus,151.75,-33.75
Alopias vulpinus,151.75,-33.75
Alopias vulpinus,152.75,-33.25
Alopias vulpinus,152.75,-33.25
Alopias vulpinus,62.50308,-11.38563
Alopias vulpinus,0.53,2.04
Alopias vulpinus,60.11747,-9.31867
Alopias vulpinus,64.0503,22.98928
Alopias vulpinus,92.93903,4.00005
Alopias vulpinus,54.82165,8.35215
Alopias vulpinus,54.16777,10.6539
Alopias vulpinus,62.21802,-10.9557
Alopias vulpinus,62.21802,-10.9557
Alopias vulpinus,54.82165,8.35215
Alopias vulpinus,54.82165,8.35215
Alopias vulpinus,48.0001,13.41919
Alopias vulpinus,53.58683,11.92217
Alopias vulpinus,53.58683,11.92217
Alopias vulpinus,53.58683,11.92217
Alopias vulpinus,94.01684,5.63722
Alopias vulpinus,94.01684,5.63722
Alopias vulpinus,94.01684,5.63722
Alopias vulpinus,94.01684,5.63722
Alopias vulpinus,94.01684,5.63722
Alopias vulpinus,-74.54167,36.88333
Alopias vulpinus,94.01684,5.63722
Alopias vulpinus,-90.66666,26.39167
Alopias vulpinus,-78.64167,31.35
Alopias vulpinus,-74.70833,35.49167
Alopias vulpinus,94.01684,5.63722
Alopias vulpinus,53.58683,11.92217
Alopias vulpinus,64,22.41917
Alopias vulpinus,-88.69167,28.24167
Alopias vulpinus,93.98928,5.70422
Alopias vulpinus,93.98928,5.70422
Alopias vulpinus,93.98928,5.70422
Alopias vulpinus,53.3521,11.13423
Alopias vulpinus,61.4024,-11.73783
Alopias vulpinus,65,-10
Alopias vulpinus,94.00004,5.6875
Alopias vulpinus,94.00004,5.6875
Alopias vulpinus,56,0.503
Alopias vulpinus,66.75455,22.92224
Alopias vulpinus,73,7.8552
Alopias vulpinus,66.75455,22.92224
Alopias vulpinus,66.75455,22.92224
Alopias vulpinus,53.3521,11.13423
Alopias vulpinus,61.93898,-11.85513
Alopias vulpinus,61.93898,-11.85513
Alopias vulpinus,53.3521,11.13423
Alopias vulpinus,93.98928,5.70422
Alopias vulpinus,73,7.8552
Alopias vulpinus,69.9558,5.90547
Alopias vulpinus,94.08385,5.45276
Alopias vulpinus,66.75455,22.92224
Alopias vulpinus,73,7.8552
Alopias vulpinus,94.08385,5.45276
Alopias vulpinus,94.08385,5.45276
Alopias vulpinus,94.08385,5.45276
Alopias vulpinus,53.58683,11.92217
Alopias vulpinus,49.88873,6.75455
Alopias vulpinus,53.58683,11.92217
Alopias vulpinus,53.58683,11.92217
Alopias vulpinus,94.01684,5.63722
Alopias vulpinus,41.16777,-2.68753
Alopias vulpinus,53.58683,11.92217
Alopias vulpinus,94.08385,5.45276
Alopias vulpinus,94.08385,5.45276
Alopias vulpinus,94.08385,5.45276
Alopias vulpinus,94.08385,5.45276
Alopias vulpinus,94.01684,5.63722
Alopias vulpinus,94.01684,5.63722
Alopias vulpinus,94.01684,5.63722
Alopias vulpinus,94.01684,5.63722
Alopias vulpinus,94.01684,5.63722
Alopias vulpinus,93.97253,5.62041
Alopias vulpinus,93.97253,5.62041
Alopias vulpinus,93.97253,5.62041
Alopias vulpinus,53.33533,8.9557
Alopias vulpinus,18.3,-33.93333
Alopias vulpinus,53.33533,8.9557
Alopias vulpinus,55.77137,0.33533
Alopias vulpinus,-118.43333,33.88334
Alopias vulpinus,174.21666,-35.11666
Alopias vulpinus,93.97253,5.62041
Alopias vulpinus,53.33533,8.9557
Alopias vulpinus,67.70423,10.10062
Alopias vulpinus,11.4333,58.25
Alopias vulpinus,60.23473,-10.87197
Alopias vulpinus,69.53658,15.8719
Alopias vulpinus,94.11747,5.3689
Alopias vulpinus,94.11747,5.3689
Alopias vulpinus,94.11747,5.3689
Alopias vulpinus,47.87192,-5.15095
Alopias vulpinus,56.48633,12.03363
Alopias vulpinus,94.11747,5.3689
Alopias vulpinus,56.48633,12.03363
Alopias vulpinus,72.48633,-10
Alopias vulpinus,94.08385,5.45276
Alopias vulpinus,53.2348,6.97249
Alopias vulpinus,-10,46
Alopias vulpinus,-3.91667,47.88334
Alopias vulpinus,72.48633,-10
Alopias vulpinus,94.05034,5.63718
Alopias vulpinus,68.33533,-4.43603
Alopias vulpinus,52.78813,11.53661
Alopias vulpinus,52.78813,11.53661
Alopias vulpinus,41.0001,-2.7545
Alopias vulpinus,62.43601,-10.16776
Alopias vulpinus,94.11747,5.36891
Alopias vulpinus,94.11747,5.36891
Alopias vulpinus,94.11747,5.36891
Alopias vulpinus,94.11747,5.36891
Alopias vulpinus,62.43601,-10.16776
Alopias vulpinus,62.43601,-10.16776
Alopias vulpinus,94.11747,5.36891
Alopias vulpinus,62.43601,-10.16776
Alopias vulpinus,94.11747,5.36891
Alopias vulpinus,94.11747,5.36891
Alopias vulpinus,60.0503,-10.67067
Alopias vulpinus,60.0503,-10.67067
Alopias vulpinus,60.0503,-10.67067
Alopias vulpinus,93.00003,4.58692
Alopias vulpinus,61.11747,-11.5534
Alopias vulpinus,60.82157,-9.5533
Alopias vulpinus,94.10063,5.4863
Alopias vulpinus,94.25153,5.41925
Alopias vulpinus,94.25153,5.41925
Alopias vulpinus,62.16767,-9.7043
Alopias vulpinus,53.36897,-35.72107
Alopias vulpinus,75.06707,2.7545
Alopias vulpinus,41.11747,-2.58693
Alopias vulpinus,41.11747,-2.58693
Alopias vulpinus,60.95575,-9.7043
Alopias vulpinus,53.28503,-35.88873
Alopias vulpinus,94.11747,5.63723
Alopias vulpinus,94.08385,5.45276
Alopias vulpinus,94.08385,5.45276
Alopias vulpinus,93.7042,4.5534
Alopias vulpinus,93.7042,4.5534
Alopias vulpinus,60.72107,-9.41927
Alopias vulpinus,61.93895,-11.83833
Alopias vulpinus,53.05032,11.57017
Alopias vulpinus,53.05032,11.57017
Alopias vulpinus,53.41917,5.13413
Alopias vulpinus,94.11747,5.4024
Alopias vulpinus,53.05032,11.57017
Alopias vulpinus,53.05032,11.57017
Alopias vulpinus,53.05032,11.57017
Alopias vulpinus,53.05032,11.57017
Alopias vulpinus,85.1509,-7
Alopias vulpinus,94.11747,5.63723
Alopias vulpinus,94.11747,5.63723
Alopias vulpinus,94.11747,5.63723
Alopias vulpinus,45.9557,12.63713
Alopias vulpinus,94.11747,5.63723
Alopias vulpinus,94.1509,5.41917
Alopias vulpinus,94.11747,5.63723
Alopias vulpinus,94.11747,5.63723
Alopias vulpinus,60.58683,-10.0001
Alopias vulpinus,60,-9
Alopias vulpinus,94.10065,5.67067
Alopias vulpinus,69.9055,8.43603
Alopias vulpinus,69.9055,8.43603
Alopias vulpinus,62.3019,-11.7043
Alopias vulpinus,60.06717,-9.7043
Alopias vulpinus,106.1006,-14.16777
Alopias vulpinus,109.72102,-16.88865
Alopias vulpinus,60.93893,-9.63721
Alopias vulpinus,60.93893,-9.63721
Alopias vulpinus,60.23483,-10.9557
Alopias vulpinus,96.38563,-13.23473
Alopias vulpinus,60.41927,-11.38563
Alopias vulpinus,60.2516,-11.05038
Alopias vulpinus,60.28513,-11.1006
Alopias vulpinus,60.654,-11.60365
Alopias vulpinus,60.654,-11.60365
Alopias vulpinus,53.58683,-7.3522
Alopias vulpinus,56.00005,0.40243
Alopias vulpinus,96.38563,-13.23473
Alopias vulpinus,60.21798,-8.73777
Alopias vulpinus,55.28505,-7.21805
Alopias vulpinus,73.48633,-4.5534
Alopias vulpinus,60.46948,-11.15091
Alopias vulpinus,89.1006,6.28513
Alopias vulpinus,60.33533,-11.1006
Alopias vulpinus,40.72107,-3.16777
Alopias vulpinus,88.67067,7.68753
Alopias vulpinus,60.16777,-9.92217
Alopias vulpinus,62.3521,-11.2515
Alopias vulpinus,62.3521,-11.2515
Alopias vulpinus,61.2516,-12.46948
Alopias vulpinus,-4.16002,53.22546
Alopias vulpinus,61.2516,-12.46948
Alopias vulpinus,61.2516,-12.46948
Alopias vulpinus,60.6037,-9.92217
Alopias vulpinus,61.2516,-12.46948
Alopias vulpinus,93.95578,5.78805
Alopias vulpinus,60.6037,-9.92217
Alopias vulpinus,61.2516,-12.46948
Alopias vulpinus,61.2516,-12.46948
Alopias vulpinus,93.95578,5.78805
Alopias vulpinus,93.95578,5.78805
Alopias vulpinus,93.95578,5.78805
Alopias vulpinus,61.2516,-12.46948
Alopias vulpinus,60.28503,-9.83833
Alopias vulpinus,93.95578,5.78805
Alopias vulpinus,61.2516,-12.46948
Alopias vulpinus,61.2516,-12.46948
Alopias vulpinus,93.95578,5.78805
Alopias vulpinus,61.2516,-12.46948
Alopias vulpinus,93.95578,5.78805
Alopias vulpinus,61.2516,-12.46948
Alopias vulpinus,93.95578,5.78805
Alopias vulpinus,61.2516,-12.46948
Alopias vulpinus,93.95578,5.78805
Alopias vulpinus,93.95578,5.78805
Alopias vulpinus,61.2516,-12.46948
Alopias vulpinus,61.2516,-12.46948
Alopias vulpinus,93.95578,5.78805
Alopias vulpinus,60.48633,-11.3521
Alopias vulpinus,60.48633,-11.3521
Alopias vulpinus,60.3019,6.95575
Alopias vulpinus,59.654,-9.28513
Alopias vulpinus,62.0001,-11.82157
Alopias vulpinus,84.151,-6.26827
Alopias vulpinus,94.1007,5.55338
Alopias vulpinus,60.33533,-11
Alopias vulpinus,93.48633,4.9054
Alopias vulpinus,93.48633,4.9054
Alopias vulpinus,93.92222,5.65395
Alopias vulpinus,93.92222,5.65395
Alopias vulpinus,93.48633,4.9054
Alopias vulpinus,60.33533,-11
Alopias vulpinus,93.48633,4.9054
Alopias vulpinus,60.11747,-9.6037
Alopias vulpinus,93.48633,4.9054
Alopias vulpinus,60.33533,-11
Alopias vulpinus,48.18453,11.41927
Alopias vulpinus,94.06717,5.41923
Alopias vulpinus,61.48631,-12.11745
Alopias vulpinus,61.48631,-12.11745
Alopias vulpinus,93.92222,5.65395
Alopias vulpinus,69.87192,-4.46947
Alopias vulpinus,61.48631,-12.11745
Alopias vulpinus,61.48631,-12.11745
Alopias vulpinus,55.83838,5.16775
Alopias vulpinus,94.06717,5.41923
Alopias vulpinus,94.01683,5.40246
Alopias vulpinus,94.01683,5.40246
Alopias vulpinus,94.01683,5.40246
Alopias vulpinus,55.654,5
Alopias vulpinus,53.0001,5.3522
Alopias vulpinus,61.40242,-12.10063
Alopias vulpinus,55.654,5
Alopias vulpinus,61.48631,-12.11745
Alopias vulpinus,94.06717,5.41923
Alopias vulpinus,61.40242,-12.10063
Alopias vulpinus,55.83838,5.16775
Alopias vulpinus,61.46947,-11.98931
Alopias vulpinus,73.77132,2.78808
Alopias vulpinus,94.08386,5.41919
Alopias vulpinus,94.08386,5.41919
Alopias vulpinus,94.08386,5.41919
Alopias vulpinus,94.01683,5.40246
Alopias vulpinus,94.01683,5.40246
Alopias vulpinus,94.08386,5.41919
Alopias vulpinus,52.98923,7.4024
Alopias vulpinus,54.88863,6.7545
Alopias vulpinus,61.48631,-12.11745
Alopias vulpinus,61.48631,-12.11745
Alopias vulpinus,61.48631,-12.11745
Alopias vulpinus,94.08386,5.41919
Alopias vulpinus,94.08386,5.41919
Alopias vulpinus,94.06717,5.41923
Alopias vulpinus,94.06717,5.41923
Alopias vulpinus,61.48631,-12.11745
Alopias vulpinus,62.33541,-11.31864
Alopias vulpinus,59.7042,-9.92217
Alopias vulpinus,53.16777,5.43603
Alopias vulpinus,94.01683,5.40246
Alopias vulpinus,67.82162,-8.58693
Alopias vulpinus,51.23483,3.4528
Alopias vulpinus,94.03359,5.58687
Alopias vulpinus,52.58683,7.48633
Alopias vulpinus,93.98923,5.7545
Alopias vulpinus,93.98923,5.7545
Alopias vulpinus,60.18453,-9.8048
Alopias vulpinus,61.654,-12.0504
Alopias vulpinus,61.654,-12.0504
Alopias vulpinus,93.97256,5.62039
Alopias vulpinus,56.03353,0.41917
Alopias vulpinus,60.7043,-9.4528
Alopias vulpinus,60.7043,-9.4528
Alopias vulpinus,93.98928,5.78808
Alopias vulpinus,40.7042,-3.13423
Alopias vulpinus,93.98928,5.78808
Alopias vulpinus,93.98928,5.78808
Alopias vulpinus,58.11747,5.38563
Alopias vulpinus,93.98928,5.78808
Alopias vulpinus,60.60364,-11.35214
Alopias vulpinus,56.0001,0.41917
Alopias vulpinus,59.92219,-9.16774
Alopias vulpinus,56.03353,0.41917
Alopias vulpinus,-121.94833,36.43278
Alopias vulpinus,139.75,33.16667
Alopias vulpinus,-80.43806,29.20056
Alopias vulpinus,-72.99605,40.42501
Alopias vulpinus,-80.88,29.31
Alopias vulpinus,-122.36515,37.78842
Alopias vulpinus,-122.38032,37.9537
Alopias vulpinus,120.31179,22.56528
Alopias vulpinus,139.61942,35.14149
Alopias vulpinus,-121.30539,35.25525
Alopias vulpinus,-122.55663,37.59478
Alopias vulpinus,-122.37671,37.77356
Alopias vulpinus,-125.12167,45.955
Alopias vulpinus,-118.43333,33.88334
Alopias vulpinus,147.533,-42.983
Alopias vulpinus,78.8867,8.9532
Alopias vulpinus,79.8167,11.483
Alopias vulpinus,174.15,-34.23333
Alopias vulpinus,177.31667,-39.55
Alopias vulpinus,131.41792,-31.91709
Alopias vulpinus,159.44167,-23.31667
Alopias vulpinus,145.53,-38.37
Alopias vulpinus,145.28,-38.42
Alopias vulpinus,145.28,-38.42
Alopias vulpinus,145.28,-38.42
Alopias vulpinus,144.93,-37.87
Alopias vulpinus,144.93,-37.87
Alopias vulpinus,145.28,-38.42
Alopias vulpinus,145.28,-38.42
Alopias vulpinus,-114.1103,29.88139
Alopias vulpinus,-113.1103,29.88139
Alopias vulpinus,144.93,-37.87
Alopias vulpinus,145.28,-38.42
Alopias vulpinus,145.28,-38.42
Alopias vulpinus,144.93,-37.87
Alopias vulpinus,145.28,-38.28
Alopias vulpinus,-118.42133,33.88907
Alopias vulpinus,-118.08677,33.70882
Alopias vulpinus,-84.54,9.51
Alopias vulpinus,-83.68,8.78
Alopias vulpinus,-117.93115,33.59945
Alopias vulpinus,-118.4091,33.56958
Alopias vulpinus,-118.36193,33.72999
Alopias vulpinus,-118.83385,34.01772
Alopias vulpinus,-118.4146,33.88338
Alopias vulpinus,-118.34347,33.17916
Alopias vulpinus,-118.80635,33.99965
Alopias vulpinus,-118.49185,33.97297
Alopias vulpinus,-119.33194,34.23667
Alopias vulpinus,-119.33194,34.23667
Alopias vulpinus,-119.33194,34.23667
Alopias vulpinus,-119.33194,34.23667
Alopias vulpinus,-119.32028,34.28083
Alopias vulpinus,-119.51667,34.32833
Alopias vulpinus,-119.26917,34.23556
Alopias vulpinus,-118.60611,33.47913
Alopias vulpinus,-119.40139,34.01889
Alopias vulpinus,-117.52667,33.34899
Alopias vulpinus,-118.40642,33.86094
Alopias vulpinus,-70.74809,41.56261
Alopias vulpinus,-70.74809,41.56261
Alopias vulpinus,-70.74809,41.56261
Alopias vulpinus,-70.74809,41.56261
Alopias vulpinus,-81.6,3.99
Alopias vulpinus,-114.58,31.75
Alopias vulpinus,-87.07,5.53
Alopias vulpinus,-114.8,31.03
Alopias vulpinus,-109.5,23.5
Alopias vulpinus,-114.5,31.67
Alopias vulpinus,-110.54,24.32
Alopias vulpinus,-109.47,23.47
Alopias vulpinus,-116.67,22.15
Alopias vulpinus,-90.18,-0.73
Alopias vulpinus,-70.77864,41.35289
Alopias vulpinus,-70.43697,41.61678
Alopias vulpinus,-68.79227,44.04269
Alopias vulpinus,-70.04389,41.91534
Alopias vulpinus,-122.267,37.7
Alopias vulpinus,-70.74949,42.3751
Alopias vulpinus,-70.8886,42.41129
Alopias vulpinus,-136.66,57.95
Alopias vulpinus,151.2,-34.05
Alopias vulpinus,151.2,-34.05
Alopias vulpinus,151.283,-33.8
Alopias vulpinus,151.2,-34.05
Alopias vulpinus,151.2,-34.05
Alopias vulpinus,151.2,-34.05
Alopias vulpinus,151.2,-34.05
Alopias vulpinus,151.283,-33.883
Alopias vulpinus,-72.19198,41.32083
Alopias vulpinus,151.1,-34.066
Alopias vulpinus,-72.9181,41.2733
Alopias vulpinus,-66.9847,44.8606
Alopias vulpinus,-75.8688,36.6503
Alopias vulpinus,-4.41762,50.33213
Alopias vulpinus,-4.23854,50.24921
Alopias vulpinus,-5.79786,49.93965
Alopias vulpinus,-1.85843,50.67448
Alopias vulpinus,-5.79786,49.93965
Alopias vulpinus,4.15543,50.31223
Alopias vulpinus,-5.61809,50.04935
Alopias vulpinus,-4.58333,50.25
Alopias vulpinus,-0.27967,54.20795
Alopias vulpinus,-3.50333,50.48167
Alopias vulpinus,-3.51167,50.48333
Alopias vulpinus,4.15543,50.31223
Alopias vulpinus,148.07917,-42.14
Alopias vulpinus,147.41033,-42.96533
Alopias vulpinus,147.38333,-43.073
Alopias vulpinus,139.47,-37.17
Alopias vulpinus,-68.21,42.31
Alopias vulpinus,-10,46
Alopias vulpinus,-3.933,47.883
Alopias vulpinus,-3.917,47.883
Alopias vulpinus,18.3,-33.933
Alopias vulpinus,-10,46
Alopias vulpinus,-3.917,47.883
Alopias vulpinus,-3.917,47.883
Alopias vulpinus,-4.90533,50.02574
Alopias vulpinus,-4.90533,50.02574
Alopias vulpinus,-4.28333,49.95
Alopias vulpinus,-4.50233,50.00905
Alopias vulpinus,-3.95,49.86667
Alopias vulpinus,-4.40892,49.74865
Alopias vulpinus,-3.63838,49.95846
Alopias vulpinus,-3.33443,50.52213
Alopias vulpinus,-3.44554,50.64941
Alopias vulpinus,-4.78673,50.26977
Alopias vulpinus,-2.67606,49.79007
Alopias vulpinus,145.28,-38.42
Alopias vulpinus,145.28,-38.42
Alopias vulpinus,145.28,-38.42
Alopias vulpinus,145.28,-38.42
Alopias vulpinus,145.28,-38.42
Alopias vulpinus,145.28,-38.42
Alopias vulpinus,126.95,-33.125
Alopias vulpinus,129.73334,-31.94237
Alopias vulpinus,-73.5,40.58333
Alopias vulpinus,-72.96883,40.68433
Alopias vulpinus,-73.85001,40.49252
Alopias vulpinus,-73.54811,40.55099
Alopias vulpinus,-74.048,39.87883
Alopias vulpinus,-74.98333,38.56667
Alopias vulpinus,-72.81667,40.71667
Alopias vulpinus,-75.93333,36.9
Alopias vulpinus,-74.90133,38.77383
Alopias vulpinus,150.15583,-37.4065
Alopias vulpinus,149.996,-37.464
Alopias vulpinus,150.04625,-37.37867
Alopias vulpinus,-77.7933,34.2079
Alopias vulpinus,-76.5212,34.6362
Alopias vulpinus,-75.375,35.3917
Alopias vulpinus,-77.8022,34.1921
Alopias vulpinus,-75.408,35.7333
Alopias vulpinus,-117.21667,32.76667
Alopias vulpinus,-117.28333,32.81333
Alopias vulpinus,-117.26667,32.78333
Alopias vulpinus,-116.46667,31.23333
Alopias vulpinus,-117.21667,32.76667
Alopias vulpinus,-117.34833,33.15833
Alopias vulpinus,147.41,-43.03
Alopias vulpinus,147.55,-43.17
Alopias vulpinus,14.40917,45.34306
Alopias vulpinus,14.40917,45.34306
Synchiropus splendidus,134.48619,7.32405
Synchiropus splendidus,123.45444,9.20444
Synchiropus splendidus,123.385,9.43667
Synchiropus splendidus,134.48831,7.55214
Synchiropus splendidus,134.42625,7.28658
Synchiropus splendidus,123.185,9.615
Synchiropus splendidus,134.49983,7.323
Synchiropus splendidus,123.385,9.43611
Synchiropus splendidus,123.45444,9.20444
Synchiropus splendidus,166.80556,-22.70833
Synchiropus splendidus,134.5305,7.34186
Synchiropus splendidus,158.17444,6.98028
Synchiropus splendidus,134.4875,7.32222
Synchiropus splendidus,154.75583,1.03111
Synchiropus splendidus,134.47223,7.33528
Synchiropus splendidus,134.47417,7.29472
Synchiropus splendidus,150.36667,-5.16667
Synchiropus splendidus,144,-1
Synchiropus splendidus,154.79584,1.03972
Synchiropus splendidus,134.50362,7.32222
Synchiropus splendidus,134.53528,7.34139
Synchiropus splendidus,123.385,9.43667
Synchiropus splendidus,134.5089,7.39111
Synchiropus splendidus,134.49777,7.31417
Synchiropus splendidus,123.45444,9.20444
Synchiropus splendidus,134.36945,7.22444
Synchiropus splendidus,165.167,-21.833
Synchiropus splendidus,123.385,9.43667
Synchiropus splendidus,123.45444,9.20444
Synchiropus splendidus,123.185,9.615
Synchiropus splendidus,123.385,9.43611
Synchiropus splendidus,123.45444,9.20444
Synchiropus splendidus,134.42625,7.28658
Synchiropus splendidus,134.48831,7.55214
Synchiropus splendidus,134.49983,7.323
Synchiropus splendidus,166.80556,-22.70833
Synchiropus splendidus,106.837,-6.079
Synchiropus splendidus,106.837,-6.079
Synchiropus splendidus,106.837,-6.079
Synchiropus splendidus,106.837,-6.079
Synchiropus splendidus,106.837,-6.079
Synchiropus splendidus,120.479,14.246
Synchiropus splendidus,110.42778,-5.875
Synchiropus splendidus,122.1,-5.28889
Synchiropus splendidus,123.5,9.225
Synchiropus splendidus,158.10001,6.9
Synchiropus splendidus,144.9875,-1.50833
Synchiropus splendidus,144.39999,-1.2
Synchiropus splendidus,124.001,10.2828
Synchiropus splendidus,123.797,9.536
Synchiropus splendidus,124.779,1.59331
Synchiropus splendidus,118.638,4.2467
Synchiropus splendidus,123.401,9.95566
Synchiropus splendidus,118.631,4.24596
Synchiropus splendidus,123.367,9.96648
Synchiropus splendidus,123.784,9.54926
Synchiropus splendidus,113.921,-0.78928
Synchiropus splendidus,125.248,1.42453
Synchiropus splendidus,106.837,-6.079
Synchiropus splendidus,106.837,-6.079
Synchiropus splendidus,106.837,-6.079
Synchiropus splendidus,106.837,-6.079
Synchiropus splendidus,106.837,-6.079
Synchiropus splendidus,121.51,22.06
Synchiropus splendidus,150.416,-9.333
Synchiropus splendidus,131.80157,2.86332
Synchiropus splendidus,134.48619,7.32405
Synchiropus splendidus,134.5305,7.34186
Synchiropus splendidus,134.2289,7.2097
Synchiropus splendidus,134.56717,7.34172
Synchiropus splendidus,134.70017,8.0747
Synchiropus splendidus,134.50853,7.55072
Synchiropus splendidus,134.48625,7.32356
Synchiropus splendidus,134.336,7.19617
Synchiropus splendidus,120.5219,12.6925
Synchiropus splendidus,134.38392,7.23769
Synchiropus splendidus,134.68814,8.0825
Synchiropus splendidus,129.29,28.18833
Synchiropus splendidus,129.61194,28.43667
Synchiropus splendidus,129.61194,28.43667
Synchiropus splendidus,125.24167,1.44667
Synchiropus splendidus,129.28694,28.18889
Synchiropus splendidus,129.28222,28.18083
Synchiropus splendidus,152.08333,-23.5
Synchiropus splendidus,151.46667,-21.03333
Synchiropus splendidus,152.35,-21.7
Synchiropus splendidus,148.81666,-20.25
Synchiropus splendidus,134.4911,7.32028
Synchiropus splendidus,123.185,9.615
Synchiropus splendidus,134.4911,7.32028
Synchiropus splendidus,134.50917,7.355
Synchiropus splendidus,123.385,9.43611
Synchiropus splendidus,134.44888,7.26583
Synchiropus splendidus,144.9875,-1.50833
Synchiropus splendidus,110.42778,-5.875
Synchiropus splendidus,166.80556,-22.70833
Synchiropus splendidus,134.48111,7.34889
Synchiropus splendidus,134.46666,7.32778
Synchiropus splendidus,134.48833,7.35083
Synchiropus splendidus,123.45444,9.20444
Synchiropus splendidus,154.70833,1.08222
Synchiropus splendidus,122,-5.28889
Synchiropus splendidus,134.38667,7.25972
Synchiropus splendidus,134.4911,7.32028
Synchiropus splendidus,154.78027,1.08111
Synchiropus splendidus,138.14999,9.49806
Synchiropus splendidus,134.49222,7.31611
Synchiropus splendidus,165.16667,-21.83333
Synchiropus splendidus,134.50889,7.39111
Synchiropus splendidus,120.95997,13.51138
Synchiropus splendidus,134.36944,7.22444
Synchiropus splendidus,138.16389,9.60972
Synchiropus splendidus,134.48833,7.35083
Synchiropus splendidus,134.49111,7.32028
Synchiropus splendidus,134.47667,7.35167
Synchiropus splendidus,134.50361,7.32222
Synchiropus splendidus,154.70833,1.08222
Synchiropus splendidus,138.15,9.49806
Synchiropus splendidus,134.46833,7.34
Synchiropus splendidus,134.44889,7.26583
Synchiropus splendidus,134.53528,7.34139
Synchiropus splendidus,154.79583,1.03972
Synchiropus splendidus,134.48111,7.34889
Synchiropus splendidus,134.50917,7.355
Synchiropus splendidus,134.47222,7.33528
Synchiropus splendidus,134.4875,7.32222
Synchiropus splendidus,134.49778,7.31417
Synchiropus splendidus,134.46694,7.3475
Synchiropus splendidus,134.52306,7.35111
Synchiropus splendidus,134.47417,7.29472
Synchiropus splendidus,154.75583,1.03111
Synchiropus splendidus,134.47056,7.33667
Synchiropus splendidus,134.46667,7.32778
Synchiropus splendidus,134.49222,7.31611
Synchiropus splendidus,158.17444,6.98028
Synchiropus splendidus,154.78028,1.08111
Synchiropus splendidus,134.38667,7.25972
Synchiropus splendidus,138.13611,9.51389
Synchiropus splendidus,134.49111,7.32028
Synchiropus splendidus,148.81667,-20.25
Synchiropus splendidus,152.08333,-23.5
Synchiropus splendidus,152.35,-21.7
Synchiropus splendidus,123,9.225
Synchiropus splendidus,151.46667,-21.03333
Synchiropus splendidus,134.46834,7.34
Synchiropus splendidus,121.02647,13.50978
Synchiropus splendidus,146.05199,-16.69967
Synchiropus splendidus,146.05199,-16.69967
Synchiropus splendidus,152.083,-23.5
Synchiropus splendidus,148.966,-21.966
Synchiropus splendidus,145.45,-14.7
Synchiropus splendidus,121,14.5
Synchiropus splendidus,145.45,-14.683
Synchiropus splendidus,166,-22
Synchiropus splendidus,145.45,-14.633
Synchiropus splendidus,150.416,-9.333
Synchiropus splendidus,166.80556,-22.70833
Synchiropus splendidus,131.80157,2.86332
Synchiropus splendidus,134.42625,7.28658
Synchiropus splendidus,134.49983,7.323
Synchiropus splendidus,134.48619,7.32405
Synchiropus splendidus,134.5305,7.34186
Synchiropus splendidus,134.48831,7.55214
Synchiropus splendidus,123.385,9.43611
Synchiropus splendidus,123.385,9.43667
Synchiropus splendidus,123.45444,9.20444
Synchiropus splendidus,123.45444,9.20444
Synchiropus splendidus,123.185,9.615
Synchiropus splendidus,131.746,2.8989
Synchiropus splendidus,123.1149,9.0504
Synchiropus splendidus,165.16701,-21.833
Synchiropus splendidus,125.24167,1.44667
Synchiropus splendidus,129.61194,28.43667
Synchiropus splendidus,129.29,28.18833
Synchiropus splendidus,129.61194,28.43667
